"순서","시군구코드","하천/호수일련번호","하천/호수명_한글","하천/호수명_영문","위도","경도"
"32","11260","7"," "," ","37.6115278","127.0735427"
"33","11305","10"," "," ","37.6404911","127.0070294"
"34","11740","18"," "," ","37.552968","127.1467481"
"35","11740","26"," "," ","37.5233602","127.1447257"
"36","11110","13"," "," ","37.5728762","126.994545"
"2","11380","13"," "," ","37.6509134","126.9476382"
"4","11380","21"," "," ","37.641568","126.9317896"
"5","11380","22"," "," ","37.6414505","126.9318401"
"10","11260","8"," "," ","37.6114725","127.0736349"
"18","11740","1","고덕천"," ","37.553192","127.1727447"
"21","11305","14"," "," ","37.6340537","127.0192826"
"24","11110","19","구기천"," ","37.6102003","126.956765"
"26","11380","10"," "," ","37.6519299","126.9403258"
"27","11380","14"," "," ","37.6507037","126.9466344"
"29","11530","17"," "," ","37.4834953","126.8232478"
"37","11680","26","탄천"," ","37.4889952","127.0945805"
"30","11530","14"," "," ","37.4843405","126.8197611"
"53","11110","17","홍제천"," ","37.6002645","126.9595664"
"54","11305","5"," "," ","37.6488775","127.0080021"
"59","11305","6"," "," ","37.6482262","127.007949"
"64","11380","7"," "," ","37.6526198","126.9422487"
"71","11380","20"," "," ","37.6427789","126.9316049"
"74","11530","18"," "," ","37.4840933","126.8529988"
"76","11530","11"," "," ","37.4885329","126.8536238"
"77","11530","13"," "," ","37.4850501","126.8202723"
"79","11380","30"," "," ","37.5845242","126.8894648"
"81","11110","9"," "," ","37.5816839","126.9929269"
"82","11110","12"," "," ","37.5737605","126.9940842"
"38","11320","4"," "," ","37.6864705","127.0382654"
"40","11320","9","중랑천"," ","37.6715659","127.0522757"
"41","11320","10","우이천"," ","37.6466763","127.0280707"
"42","11230","14","중랑천","Jungnangcheon","37.5838443","127.0741181"
"43","11260","4"," "," ","37.614582","127.0895566"
"45","11740","23"," "," ","37.5407763","127.13728"
"47","11230","11","하천"," ","37.5743745","127.0293672"
"50","11740","12"," "," ","37.5620488","127.1422704"
"52","11500","19"," "," ","37.58227","126.8272219"
"55","11305","13"," "," ","37.6371516","127.0080128"
"56","11110","11"," "," ","37.5781866","126.9989979"
"57","11320","7"," "," ","37.6593971","127.0209484"
"58","11230","10","하천"," ","37.5825972","127.0669181"
"60","11590","2","하천"," ","37.511713","126.9406592"
"61","11590","3","하천"," ","37.5117027","126.9407356"
"62","11380","2","창릉천"," ","37.6580342","126.9285863"
"63","11380","3"," "," ","37.6548852","126.9519343"
"65","11530","1","개봉천"," ","37.4742118","126.8480687"
"66","11530","2"," "," ","37.5107821","126.8845799"
"67","11530","3"," "," ","37.5094628","126.8834836"
"68","11530","5"," "," ","37.5018583","126.8258972"
"69","11530","8","순원저수지"," ","37.4963058","126.8857252"
"70","11380","19"," "," ","37.6428099","126.9316119"
"72","11380","28"," "," ","37.6011918","126.9140877"
"73","11380","29"," "," ","37.5923135","126.8853422"
"75","11380","11"," "," ","37.6515947","126.944854"
"39","11320","8"," "," ","37.6533591","127.0131169"
"44","11740","16"," "," ","37.5599096","127.1692873"
"46","11110","8"," "," ","37.5818112","126.9950081"
"48","11230","13","정릉천","Jeongneungcheon","37.5933977","127.039892"
"49","11590","6","하천"," ","37.5018538","126.9767624"
"51","11500","17"," "," ","37.5866064","126.799624"
"1","11260","2","태릉천"," ","37.6162163","127.092226"
"3","11530","10"," "," ","37.4888602","126.8245386"
"6","11530","22"," "," ","37.4826002","126.824531"
"7","11110","10"," "," ","37.5814573","127.0014839"
"8","11110","21","구기천"," ","37.6110893","126.9577034"
"9","11260","6"," "," ","37.6115314","127.0736246"
"11","11260","9"," "," ","37.606618","127.1046819"
"12","11260","11","중랑천"," ","37.5941528","127.0729209"
"13","11305","2","우이천"," ","37.6612449","127.0073942"
"14","11305","1","우이천"," ","37.6697535","127.006456"
"15","11305","4","우이천"," ","37.6424188","127.0329051"
"16","11305","7"," "," ","37.6475055","127.0066634"
"17","11305","9"," "," ","37.6407503","127.0073753"
"19","11305","11"," "," ","37.6405289","127.0072784"
"20","11305","12"," "," ","37.6403226","127.0073289"
"22","11740","20"," "," ","37.5478808","127.1781231"
"23","11740","24"," "," ","37.5357731","127.1537063"
"25","11680","25","한강"," ","37.5279795","127.0381358"
"28","11380","25"," "," ","37.6378578","126.9359509"
"31","11110","5"," "," ","37.5828105","126.9931217"
"129","11215","10"," "," ","37.5498334","127.0767609"
"132","11140","1"," "," ","37.5656898","126.9765879"
"134","11305","15"," "," ","37.6159247","127.0169176"
"135","11740","19"," "," ","37.5487465","127.1592811"
"136","11740","25"," "," ","37.5342266","127.1518433"
"137","11740","27"," "," ","37.5610071","127.1397985"
"138","11740","28"," "," ","37.5349474","127.1548636"
"140","11740","13"," "," ","37.563688","127.1580182"
"142","11215","11"," "," ","37.5500755","127.0994774"
"143","11650","1","여의천","Yeouicheon","37.4548563","127.0535214"
"144","11215","24"," "," ","37.5616051","127.1132616"
"146","11680","9"," "," ","37.4826433","127.0956081"
"148","11305","8"," "," ","37.6416262","127.0037294"
"151","11545","1"," "," ","37.4828222","126.8752057"
"152","11545","3"," "," ","37.4534931","126.8967809"
"153","11545","4"," "," ","37.453438","126.8965677"
"154","11545","5"," "," ","37.4534175","126.8967901"
"116","11215","12"," "," ","37.5469924","127.0819051"
"118","11110","22","구기천"," ","37.611946","126.9584079"
"119","11230","5","하천"," ","37.5977372","127.0546313"
"121","11230","2","정릉천","Jeongneungcheon","37.5863108","127.037064"
"122","11230","4","하천"," ","37.5977293","127.0519255"
"156","11320","11","중랑천"," ","37.6406087","127.0556382"
"123","11230","12","하천"," ","37.5610642","127.0705477"
"130","11650","20","한강","Hangang","37.516015","126.9992369"
"131","11110","7"," "," ","37.5823924","126.9942186"
"133","11305","3"," "," ","37.6341143","127.0382521"
"139","11740","29"," "," ","37.5348756","127.1548231"
"141","11215","6"," "," ","37.5531526","127.1105949"
"145","11680","3"," "," ","37.5146538","127.0574373"
"147","11260","10"," "," ","37.6065564","127.1044868"
"124","11380","1","창릉천"," ","37.6418507","126.9404663"
"125","11590","10","하천"," ","37.4914613","126.9169647"
"126","11590","1","하천"," ","37.5001352","126.9723283"
"127","11590","5","하천"," ","37.5031845","126.9750971"
"128","11740","6","고덕천"," ","37.5677943","127.1596309"
"84","11530","28","안양천"," ","37.5015785","126.8757123"
"85","11110","4"," "," ","37.5881955","126.9930518"
"87","11380","5"," "," ","37.6548146","126.9526902"
"88","11380","12"," "," ","37.6510368","126.9394087"
"90","11530","20"," "," ","37.4836518","126.8528321"
"91","11530","4"," "," ","37.5047651","126.8486624"
"94","11380","27"," "," ","37.6160447","126.9056317"
"96","11530","16"," "," ","37.4842528","126.8263545"
"97","11110","6"," "," ","37.5828173","126.9925724"
"98","11530","27","도림천"," ","37.5007367","126.8916556"
"99","11110","18","청계천"," ","37.5700523","127.001015"
"101","11140","3","청계천"," ","37.5700523","127.001015"
"102","11320","6"," "," ","37.6604967","127.0185572"
"104","11350","3"," "," ","37.6542117","127.0750393"
"106","11590","11","하천"," ","37.5087194","126.9669253"
"107","11380","8"," "," ","37.6523014","126.9401069"
"110","11680","2"," "," ","37.5146513","127.0574418"
"111","11545","7","안양천"," ","37.4568618","126.8863544"
"114","11740","9"," "," ","37.5649925","127.1473348"
"78","11380","24"," "," ","37.6380649","126.9357157"
"80","11530","23"," "," ","37.4825753","126.8253658"
"83","11110","15"," "," ","37.5723128","126.9942659"
"86","11230","1","안암천","Anamcheon","37.575103","127.0263422"
"89","11380","26"," "," ","37.6378534","126.9359754"
"92","11530","7"," "," ","37.5011804","126.8674663"
"93","11380","18"," "," ","37.6446969","126.9292573"
"95","11530","19"," "," ","37.4836262","126.8254088"
"117","11110","2"," "," ","37.6166901","126.9786237"
"100","11110","1","테스트"," ","37.5927811","126.9667119"
"103","11230","6","하천"," ","37.5951716","127.0499635"
"105","11215","3"," "," ","37.5557829","127.1115575"
"108","11530","21"," "," ","37.4833486","126.8224437"
"109","11230","3","하천"," ","37.6033706","127.0706227"
"112","11590","9","하천"," ","37.4939453","126.9196014"
"113","11380","6"," "," ","37.6526185","126.9422322"
"115","11500","18"," "," ","37.5843687","126.8169531"
"120","11680","1","탄천"," ","37.4699299","127.1141327"
"185","11680","11"," "," ","37.4770036","127.1054234"
"186","11680","19"," "," ","37.4686151","127.1048388"
"187","11350","23"," "," ","37.6215489","127.0551082"
"188","11215","20"," "," ","37.5406428","127.0783125"
"189","11680","8"," "," ","37.4839449","127.1039067"
"190","11680","13"," "," ","37.4751054","127.1012471"
"191","11680","16"," "," ","37.4691436","127.1047826"
"192","11680","21"," "," ","37.468018","127.1051386"
"155","11320","3"," "," ","37.6876273","127.0355925"
"157","11230","7","하천"," ","37.5914131","127.044348"
"158","11740","15"," "," ","37.5616961","127.136472"
"159","11740","30"," "," ","37.5681964","127.1389417"
"161","11215","9"," "," ","37.5505177","127.077538"
"164","11260","1","태릉천"," ","37.6124895","127.1045485"
"210","11350","18"," "," ","37.6313768","127.106307"
"215","11650","9"," "," ","37.4955214","127.0045928"
"216","11500","13"," "," ","37.5904659","126.8096372"
"218","11740","21"," "," ","37.5478769","127.1366102"
"219","11740","22"," "," ","37.5419785","127.1518739"
"227","11650","10"," "," ","37.4903503","127.0146569"
"232","11500","25"," "," ","37.5689471","126.8454179"
"165","11260","3","중랑천"," ","37.5754463","127.0778991"
"166","11740","2","고덕천"," ","37.5677269","127.1573625"
"167","11740","3","고덕천"," ","37.5672651","127.1647535"
"169","11380","32","불광천"," ","37.5874837","126.9092267"
"171","11380","15"," "," ","37.6506937","126.9466199"
"174","11380","23"," "," ","37.640205","126.9221964"
"176","11590","12","도림천"," ","37.4873428","126.9107386"
"178","11740","8"," "," ","37.565137","127.1517614"
"182","11215","8"," "," ","37.5512511","127.0748902"
"184","11110","3"," "," ","37.6154964","126.9554658"
"193","11215","14"," "," ","37.5423938","127.0810076"
"196","11650","12"," "," ","37.4788052","127.018999"
"197","11500","27"," "," ","37.5681771","126.8474898"
"198","11650","15"," "," ","37.4630673","127.085711"
"200","11215","2"," "," ","37.5571339","127.1119608"
"202","11740","14"," "," ","37.5624231","127.1687792"
"203","11650","21","양재천","Yangjaecheon","37.4663539","127.0238412"
"204","11215","21"," "," ","37.5309084","127.0902178"
"207","11680","6"," "," ","37.4858328","127.0917519"
"211","11680","10"," "," ","37.4771369","127.1056129"
"212","11680","18"," "," ","37.4687011","127.1048504"
"214","11350","19"," "," ","37.6323921","127.1030273"
"217","11500","14"," "," ","37.5903412","126.8111357"
"220","11350","25","태릉천"," ","37.61894","127.0826316"
"221","11500","49"," "," ","37.5974049","126.8407157"
"222","11215","17"," "," ","37.5415674","127.0779824"
"223","11680","24","양재천"," ","37.4906372","127.0589911"
"224","11350","26","우이천"," ","37.6263941","127.0474161"
"225","11350","21"," "," ","37.6302291","127.1092872"
"226","11350","22"," "," ","37.6291836","127.0947346"
"228","11500","47"," "," ","37.5848963","126.8391965"
"229","11650","11"," "," ","37.4852453","127.006592"
"230","11500","23"," "," ","37.5690427","126.8450863"
"231","11500","24"," "," ","37.5689598","126.8451207"
"194","11350","1"," "," ","37.6842912","127.0565848"
"195","11650","7"," "," ","37.4978726","127.0037119"
"199","11500","16"," "," ","37.58928","126.8131976"
"201","11740","7"," "," ","37.5705823","127.1754155"
"205","11680","7"," "," ","37.4858317","127.0917556"
"206","11215","1","중랑천"," ","37.5659949","127.0753103"
"208","11680","14"," "," ","37.4718795","127.1000546"
"209","11215","15"," "," ","37.5408559","127.0762045"
"213","11215","19"," "," ","37.5413843","127.0779549"
"149","11530","25"," "," ","37.4781769","126.8240561"
"150","11530","26"," "," ","37.4753571","126.8425935"
"160","11740","10"," "," ","37.5647273","127.1460729"
"162","11215","23"," "," ","37.5616509","127.1131778"
"163","11680","5"," "," ","37.4997262","127.0835594"
"168","11320","2"," "," ","37.6876581","127.0356854"
"170","11590","7","하천"," ","37.501186","126.9228243"
"172","11230","15","청계천","Cheonggyecheon","37.5710574","127.0307838"
"173","11530","12"," "," ","37.4856947","126.8205059"
"175","11380","31"," "," ","37.5845309","126.8894521"
"177","11590","8","하천"," ","37.4961165","126.9671027"
"179","11740","11"," "," ","37.5641826","127.1700856"
"180","11350","24","중랑천"," ","37.6509462","127.0600295"
"181","11215","7","일감호"," ","37.5529299","127.110764"
"183","11530","15"," "," ","37.4843004","126.8273488"
"261","11500","30"," "," ","37.5674707","126.8527388"
"262","11500","20"," "," ","37.5787291","126.8332803"
"266","11500","44"," "," ","37.5443732","126.8143733"
"268","11500","9"," "," ","37.59099","126.8101048"
"269","11620","9"," "," ","37.4537633","126.9529222"
"270","11200","2"," "," ","37.5602261","127.0699542"
"273","11500","38"," "," ","37.5668896","126.8498792"
"275","11650","16"," "," ","37.4559401","127.0569687"
"277","11440","17"," "," ","37.5553563","126.8981989"
"280","11680","17"," "," ","37.4687447","127.1050577"
"281","11650","18"," "," ","37.4550447","127.0611142"
"282","11710","35"," "," ","37.5022087","127.1187993"
"285","11710","81"," "," ","37.4939248","127.1609141"
"287","11710","5","탄천"," ","37.4827083","127.1353549"
"289","11710","31"," "," ","37.5106217","127.0775015"
"292","11350","10"," "," ","37.6354142","127.1065707"
"294","11710","24"," "," ","37.5154212","127.1014223"
"297","11170","1"," "," ","37.5339112","126.9458633"
"299","11170","4"," "," ","37.5461409","126.964778"
"291","11440","18","불광천"," ","37.5690627","126.900752"
"293","11350","11"," "," ","37.6350237","127.1080576"
"295","11710","82"," "," ","37.4748909","127.1457769"
"296","11710","83"," "," ","37.4748645","127.1461715"
"298","11710","46"," "," ","37.4854193","127.1337984"
"301","11620","4"," "," ","37.4657939","126.9876182"
"306","11710","21"," "," ","37.5168568","127.0937393"
"307","11710","84"," "," ","37.4739604","127.1440977"
"308","11350","15"," "," ","37.6333462","127.0952351"
"300","11620","2"," "," ","37.4708867","126.9564543"
"302","11410","5","홍제천"," ","37.5832431","126.9364557"
"303","11410","1"," "," ","37.571832","126.9357562"
"304","11710","9","성내천"," ","37.5121379","127.124706"
"305","11710","27"," "," ","37.5128894","127.1267272"
"310","11500","41"," "," ","37.5667355","126.8498571"
"274","11290","8"," "," ","37.6096977","126.9888687"
"276","11710","75"," "," ","37.4756014","127.1410571"
"278","11350","20"," "," ","37.6307012","127.101035"
"283","11350","9"," "," ","37.6353911","127.1080302"
"279","11710","2","탄천"," ","37.4805693","127.1382623"
"284","11710","23"," "," ","37.516184","127.1016479"
"286","11170","2"," "," ","37.5338343","126.9466997"
"288","11440","1"," "," ","37.587177","126.8806675"
"290","11710","37"," "," ","37.4948035","127.1589819"
"235","11290","15"," "," ","37.5992022","127.0013708"
"238","11440","2"," "," ","37.5861346","126.8820694"
"239","11440","4"," "," ","37.583693","126.8833172"
"240","11440","7"," "," ","37.5777812","126.8703482"
"242","11500","28"," "," ","37.5680573","126.8474343"
"243","11500","29"," "," ","37.5680145","126.8477865"
"245","11680","22"," "," ","37.467918","127.1051942"
"247","11710","33"," "," ","37.5070862","127.0837362"
"249","11680","20"," "," ","37.4681461","127.1050702"
"251","11215","18"," "," ","37.5414046","127.0776731"
"253","11500","22"," "," ","37.5743003","126.8388582"
"256","11620","11","도림천"," ","37.470861","126.926469"
"257","11215","22"," "," ","37.5396765","127.0857528"
"258","11710","8","탄천"," ","37.4803124","127.1250026"
"259","11200","13"," "," ","37.5348063","127.0376486"
"263","11290","18"," "," ","37.5972062","126.9992058"
"264","11500","37"," "," ","37.5669197","126.8500158"
"265","11500","39"," "," ","37.5668001","126.8500033"
"267","11440","5"," "," ","37.5812952","126.8797249"
"271","11290","7"," "," ","37.6116245","126.9937979"
"233","11500","26"," "," ","37.568366","126.8471058"
"234","11290","14"," "," ","37.601155","127.007468"
"236","11290","16"," "," ","37.5987231","126.998939"
"237","11290","17"," "," ","37.5982763","126.9995143"
"241","11500","7"," "," ","37.5914059","126.8120795"
"244","11500","31"," "," ","37.5679071","126.8479876"
"246","11500","15"," "," ","37.5901598","126.8102858"
"248","11440","19"," "," ","37.5777328","126.8661812"
"250","11215","13"," "," ","37.5441131","127.0810744"
"252","11350","2"," "," ","37.6842852","127.0528909"
"254","11680","28","양재천"," ","37.4995436","127.0733432"
"272","11290","13"," "," ","37.6013703","127.0072702"
"255","11230","9","하천"," ","37.5839607","127.0615987"
"260","11440","6"," "," ","37.5769936","126.8662479"
"341","11710","38"," "," ","37.4945361","127.158829"
"342","11710","39"," "," ","37.4941082","127.1056075"
"343","11200","14","청계천"," ","37.5626585","127.0380089"
"344","11200","15","중랑천"," ","37.5507294","127.0471414"
"345","11350","13"," "," ","37.6339236","127.056179"
"346","11650","22","새곡천","Saegokcheon","37.4564472","127.0845275"
"347","11290","3"," "," ","37.618226","127.0079145"
"348","11710","30"," "," ","37.5118585","127.1389784"
"311","11500","43"," "," ","37.5444931","126.8149636"
"312","11500","50"," "," ","37.5982525","126.8502827"
"313","11290","11"," "," ","37.604136","127.0579515"
"314","11500","1"," "," ","37.5683811","126.8375702"
"356","11500","48","안양천"," ","37.5511631","126.8784542"
"370","11290","12"," "," ","37.6021888","126.9983891"
"371","11215","4"," "," ","37.5558803","127.1114768"
"376","11710","61"," "," ","37.4812467","127.1285997"
"378","11470","13"," "," ","37.5154071","126.830697"
"380","11440","12"," "," ","37.5636345","126.8813056"
"383","11200","10"," "," ","37.5413382","127.0213166"
"315","11500","6"," "," ","37.5732336","126.8299728"
"316","11650","3","새곡천","Saegokcheon","37.4589352","127.0759029"
"317","11650","4","새곡천","Saegokcheon","37.4598988","127.0733603"
"318","11350","7"," "," ","37.6374207","127.0935035"
"320","11710","17"," "," ","37.5180743","127.0854093"
"325","11620","8"," "," ","37.4537923","126.9524857"
"328","11200","5","인공폭포"," ","37.5590392","127.0543959"
"331","11440","9"," "," ","37.571922","126.889387"
"334","11200","7"," "," ","37.5558633","127.0424088"
"335","11350","5"," "," ","37.6412366","127.0992526"
"336","11500","21"," "," ","37.574842","126.8361744"
"349","11200","4"," "," ","37.559468","127.0540436"
"352","11200","12"," "," ","37.5408004","127.0205766"
"357","11650","17"," "," ","37.4558196","127.0554337"
"358","11710","76"," "," ","37.4670402","127.1247175"
"359","11710","32"," "," ","37.507144","127.1401471"
"361","11290","4"," "," ","37.6132637","127.0135247"
"362","11290","6"," "," ","37.6119852","126.9953101"
"364","11290","10"," "," ","37.6045596","127.0494478"
"365","11350","17"," "," ","37.6325738","127.1082167"
"367","11500","45"," "," ","37.5325337","126.8530556"
"368","11500","46","가양빗물펌프장"," ","37.5672709","126.8502219"
"369","11710","7","탄천"," ","37.4749305","127.1358494"
"372","11710","36"," "," ","37.4995163","127.1487797"
"373","11500","40"," "," ","37.5667832","126.8497361"
"374","11470","12"," "," ","37.5156748","126.8279637"
"375","11470","14"," "," ","37.5146513","126.8279892"
"377","11470","10"," "," ","37.5279103","126.8732999"
"379","11710","62"," "," ","37.480987","127.1396758"
"381","11710","54"," "," ","37.4832442","127.1463189"
"382","11470","22"," "," ","37.5099732","126.8718274"
"384","11560","18"," "," ","37.5234281","126.9249835"
"387","11560","42"," "," ","37.5168282","126.9010412"
"350","11290","21"," "," ","37.5860692","127.0116664"
"351","11440","11"," "," ","37.5688711","126.8977139"
"353","11170","22"," "," ","37.5238412","126.980485"
"354","11650","5","양재천","Yangjaecheon","37.4355936","127.0610365"
"355","11350","4"," "," ","37.6518588","127.0650114"
"360","11350","8"," "," ","37.6356394","127.0571984"
"363","11290","9"," "," ","37.6081959","127.0060584"
"366","11710","1","탄천"," ","37.475663","127.1306819"
"309","11350","16"," "," ","37.6330621","127.107755"
"319","11350","12"," "," ","37.6340879","127.0949533"
"321","11170","23"," "," ","37.523772","126.9922646"
"322","11710","44"," "," ","37.4937751","127.1055668"
"323","11170","8"," "," ","37.5403878","127.0013298"
"324","11710","28"," "," ","37.5127499","127.0763425"
"326","11620","10"," "," ","37.453317","126.9551337"
"327","11200","3"," "," ","37.5596269","127.054031"
"329","11200","6"," "," ","37.5582004","127.0279241"
"330","11290","22"," "," ","37.5823499","127.0091133"
"332","11440","10"," "," ","37.5712277","126.8899138"
"333","11440","14"," "," ","37.5605286","126.8925208"
"337","11650","19"," "," ","37.454544","127.0617581"
"338","11650","6"," "," ","37.5018284","126.9978071"
"339","11710","25"," "," ","37.5139892","127.1001858"
"340","11710","34"," "," ","37.5026015","127.1493803"
"425","11560","11"," "," ","37.530311","126.9157089"
"429","11290","23","중랑천"," ","37.6112511","127.0691409"
"430","11710","6","탄천"," ","37.4725745","127.1250103"
"431","11650","23","반포천","Banpocheon","37.5008509","126.9910613"
"432","11500","52"," "," ","37.529728","126.7591699"
"434","11560","13"," "," ","37.5283652","126.9136612"
"435","11290","19"," "," ","37.5948443","127.0108045"
"438","11500","42"," "," ","37.5635531","126.8162076"
"439","11440","3"," "," ","37.5837687","126.8833087"
"442","11410","4","불광천"," ","37.5815237","126.9076676"
"447","11710","53"," "," ","37.4833827","127.1151732"
"448","11710","56"," "," ","37.4829477","127.1501245"
"449","11470","21","청룡상연못"," ","37.5129925","126.8303687"
"450","11470","23"," "," ","37.5097331","126.8718746"
"452","11500","34"," "," ","37.56754","126.8436355"
"453","11560","25"," "," ","37.5175797","126.9004504"
"455","11560","37"," "," ","37.5169469","126.8966438"
"456","11710","47"," "," ","37.4850091","127.1145848"
"457","11710","51"," "," ","37.4835925","127.1183718"
"459","11470","1"," "," ","37.5381559","126.8237469"
"461","11470","5"," "," ","37.5345224","126.8867122"
"462","11470","6"," "," ","37.5345218","126.8867108"
"465","11680","15"," "," ","37.4691708","127.1049368"
"466","11680","23"," "," ","37.4659448","127.1151872"
"428","11500","51"," "," ","37.5622232","126.7526623"
"433","11500","11"," "," ","37.5906636","126.81069"
"436","11290","20"," "," ","37.594782","127.0044588"
"440","11500","2"," "," ","37.5759157","126.8349285"
"437","11290","2","정릉천"," ","37.5969373","127.0392284"
"441","11620","1"," "," ","37.471116","126.9593908"
"476","11710","41"," "," ","37.4939498","127.1051591"
"477","11710","20"," "," ","37.5177125","127.0851298"
"478","11140","2"," "," ","37.5557635","127.0063225"
"480","11740","5","고덕천"," ","37.5656868","127.1584906"
"481","11380","16"," "," ","37.650362","126.945148"
"482","11545","6"," "," ","37.4533646","126.896583"
"483","11230","8","하천"," ","37.5844991","127.0514282"
"486","11380","4"," "," ","37.654826","126.9529785"
"487","11380","17"," "," ","37.6503643","126.9451476"
"488","11530","6"," "," ","37.5014534","126.8257911"
"489","11110","14"," "," ","37.5727683","126.9945475"
"443","11710","26","석촌호수"," ","37.5100582","127.1026572"
"444","11710","29"," "," ","37.5118735","127.1389549"
"445","11200","1"," "," ","37.5632538","127.056917"
"446","11290","1","안암천"," ","37.5846585","127.0210438"
"451","11200","11"," "," ","37.5409307","127.0207201"
"454","11560","9"," "," ","37.5308941","126.9180265"
"458","11710","55"," "," ","37.4832391","127.1473488"
"460","11470","3"," "," ","37.5356975","126.8708083"
"463","11470","7"," "," ","37.5281617","126.873558"
"464","11350","6"," "," ","37.64024","127.1082441"
"468","11215","16"," "," ","37.5415932","127.0776911"
"469","11650","8"," "," ","37.4978688","127.0037126"
"471","11650","2","여의천","Yeouicheon","37.4422737","127.0631801"
"385","11560","4"," "," ","37.5394414","126.9260938"
"386","11560","6"," "," ","37.5483658","126.8823832"
"388","11170","28"," "," ","37.5207553","126.9840918"
"391","11470","8"," "," ","37.5278518","126.8784808"
"393","11470","15"," "," ","37.5145585","126.8299998"
"395","11500","33"," "," ","37.5677695","126.8479212"
"396","11560","22"," "," ","37.5180644","126.8971368"
"398","11560","30"," "," ","37.5170101","126.8965953"
"400","11560","36"," "," ","37.5169483","126.8966027"
"401","11560","39"," "," ","37.5169076","126.8949545"
"403","11710","48"," "," ","37.4848562","127.1128066"
"404","11710","49"," "," ","37.4846234","127.1142894"
"406","11500","4"," "," ","37.5653163","126.7751011"
"407","11440","13"," "," ","37.560747","126.8927228"
"410","11710","80"," "," ","37.4958584","127.1614175"
"411","11710","86"," "," ","37.4636547","127.1309239"
"413","11560","57","안양천"," ","37.53591","126.8832527"
"414","11710","43"," "," ","37.4939084","127.1050268"
"416","11170","29"," "," ","37.5204453","126.9834781"
"417","11470","25","안양천"," ","37.5261537","126.8810574"
"419","11620","3"," "," ","37.4702306","126.9567319"
"421","11560","20"," "," ","37.5190533","126.9127834"
"423","11560","33"," "," ","37.5170062","126.8966522"
"426","11710","50"," "," ","37.4838349","127.1157956"
"427","11170","6"," "," ","37.5435712","126.9942592"
"389","11710","57"," "," ","37.4825706","127.1426233"
"390","11560","14"," "," ","37.5268063","126.9075813"
"392","11710","63"," "," ","37.4809696","127.1372836"
"394","11440","15"," "," ","37.5580123","126.8973586"
"397","11560","2"," "," ","37.5400877","126.9255881"
"399","11560","32"," "," ","37.5170076","126.8966239"
"402","11560","44"," "," ","37.5167569","126.9011534"
"405","11170","26"," "," ","37.5216248","126.9834433"
"408","11200","8"," "," ","37.5525284","127.0564999"
"409","11710","19"," "," ","37.5180572","127.0852424"
"412","11170","25"," "," ","37.5231707","126.9809915"
"415","11170","5"," "," ","37.545574","126.9811531"
"418","11500","53"," "," ","37.5878078","126.7980121"
"420","11710","3","탄천"," ","37.4827943","127.1463965"
"422","11560","24"," "," ","37.5175968","126.9003345"
"424","11560","41"," "," ","37.5168804","126.8949517"
"474","11650","24","여의천","Yeouicheon","37.4695434","127.0383483"
"475","11710","10","탄천"," ","37.4765184","127.1200559"
"479","11110","16"," "," ","37.5715218","126.9955126"
"484","11320","5"," "," ","37.686001","127.0331809"
"485","11260","5"," "," ","37.6126699","127.0889011"
"493","11590","4","하천"," ","37.5056168","126.9573028"
"565","11560","27"," "," ","37.5170606","126.8949672"
"566","11170","21"," "," ","37.5244492","126.9785981"
"568","11560","19"," "," ","37.5190256","126.9192252"
"569","11560","35"," "," ","37.5169683","126.8949607"
"570","11560","43"," "," ","37.5168541","126.89495"
"572","11560","49"," "," ","37.5153964","126.9002415"
"573","11560","54"," "," ","37.5089369","126.9123088"
"575","11560","26"," "," ","37.5167885","126.9249304"
"576","11710","15","탄천"," ","37.4776879","127.1336061"
"579","11530","24"," "," ","37.4804069","126.8255694"
"582","11380","9"," "," ","37.6522083","126.9401521"
"583","11110","20","구기천"," ","37.6105955","126.9569602"
"545","11560","40"," "," ","37.516905","126.9001637"
"546","11710","12","탄천"," ","37.4749953","127.1300165"
"549","11170","18"," "," ","37.5252403","126.9845918"
"551","11710","69"," "," ","37.4784534","127.1185516"
"496","11680","12"," "," ","37.475544","127.0669328"
"499","11710","85"," "," ","37.4643383","127.1310412"
"501","11710","70"," "," ","37.4779624","127.1374337"
"502","11560","47"," "," ","37.5166428","126.9012188"
"504","11560","52"," "," ","37.5120119","126.9011242"
"506","11710","78","탄천"," ","37.4939136","127.1006357"
"507","11170","10"," "," ","37.5402339","127.0013295"
"509","11170","14"," "," ","37.5314131","126.9583746"
"510","11170","16"," "," ","37.5313423","126.9578856"
"512","11710","68"," "," ","37.4796397","127.139484"
"513","11470","17"," "," ","37.5138878","126.8289285"
"516","11620","6"," "," ","37.4575752","126.9534645"
"519","11710","22"," "," ","37.5168312","127.1208979"
"520","11710","45"," "," ","37.4857517","127.1195696"
"524","11560","46"," "," ","37.5167056","126.9010055"
"528","11710","64"," "," ","37.480489","127.1320451"
"529","11470","16"," "," ","37.5143776","126.8308567"
"530","11710","73"," "," ","37.4758238","127.1438353"
"531","11560","16"," "," ","37.5250482","126.8981825"
"532","11560","56"," "," ","37.5359309","126.9145705"
"533","11500","5"," "," ","37.593216","126.7971636"
"535","11470","11"," "," ","37.5166734","126.8291146"
"538","11710","60"," "," ","37.4816863","127.1221911"
"539","11560","23"," "," ","37.5180362","126.8971356"
"540","11560","5"," "," ","37.5399603","126.924582"
"542","11560","29"," "," ","37.5170128","126.8949645"
"544","11170","30"," "," ","37.5222016","126.9810742"
"508","11170","13"," "," ","37.53357","126.9472084"
"511","11170","20"," "," ","37.5244709","126.9845812"
"514","11470","19"," "," ","37.5134776","126.8311413"
"515","11620","5"," "," ","37.4606717","126.9521414"
"517","11620","7"," "," ","37.4557072","126.9496981"
"518","11440","8"," "," ","37.576772","126.8649539"
"521","11710","65"," "," ","37.4799245","127.1459746"
"522","11710","71"," "," ","37.4755984","127.1403456"
"523","11710","74"," "," ","37.4757074","127.1391056"
"525","11560","48"," "," ","37.5165609","126.9013404"
"526","11710","13","성내천"," ","37.5214966","127.1178417"
"527","11710","14","탄천"," ","37.4793011","127.1278482"
"534","11500","32"," "," ","37.5678203","126.8476984"
"536","11710","58"," "," ","37.4828796","127.1183979"
"537","11470","9"," "," ","37.5280492","126.8732933"
"541","11560","8"," "," ","37.5316717","126.9015539"
"543","11560","34"," "," ","37.5169918","126.8949624"
"547","11560","55"," "," ","37.5078489","126.9074551"
"548","11170","9"," "," ","37.54037","127.001404"
"550","11710","67"," "," ","37.4801203","127.1204299"
"552","11470","18"," "," ","37.513763","126.8303865"
"553","11470","20"," "," ","37.5132334","126.8310785"
"555","11560","17"," "," ","37.5249325","126.9006829"
"559","11710","77"," "," ","37.5307977","127.0915306"
"560","11560","3"," "," ","37.5402786","126.9252448"
"561","11560","10"," "," ","37.5306195","126.9112311"
"562","11560","38"," "," ","37.5169352","126.8949555"
"563","11560","53"," "," ","37.5091632","126.9111547"
"490","11530","9"," "," ","37.4904589","126.8254175"
"491","11545","2"," "," ","37.4582697","126.9086053"
"492","11500","12"," "," ","37.5908174","126.8116406"
"494","11740","17"," "," ","37.5559613","127.1582226"
"495","11215","5"," "," ","37.5532446","127.1105311"
"497","11440","16"," "," ","37.5463495","126.9221446"
"498","11710","18"," "," ","37.5179394","127.0865954"
"500","11170","3"," "," ","37.53357","126.9472084"
"503","11560","50"," "," ","37.5130336","126.9030584"
"505","11710","16"," "," ","37.5183174","127.0866736"
"467","11650","14"," "," ","37.476582","127.0267891"
"470","11680","27"," "," ","37.4644392","127.122807"
"472","11650","13"," "," ","37.4780825","127.0136936"
"473","11500","8"," "," ","37.5912633","126.8119652"
"588","11560","15"," "," ","37.5254173","126.9159508"
"593","11560","21"," "," ","37.5186673","126.9199018"
"596","11560","1"," "," ","37.5396744","126.9273119"
"597","11560","45"," "," ","37.516724","126.8974802"
"600","11170","24"," "," ","37.5232613","126.9817049"
"604","11500","36"," "," ","37.5672564","126.8504958"
"605","11350","14"," "," ","37.6332777","127.1072201"
"607","11710","4","탄천"," ","37.4822798","127.1304174"
"610","11500","10"," "," ","37.591125","126.8118386"
"613","11560","28"," "," ","37.5170378","126.8949663"
"554","11500","35"," "," ","37.5674075","126.8292438"
"556","11470","2"," "," ","37.5372698","126.8248278"
"557","11470","4"," "," ","37.5352869","126.8772671"
"558","11560","12"," "," ","37.5283076","126.9135691"
"564","11170","11"," "," ","37.5339112","126.9458633"
"567","11710","72"," "," ","37.4758036","127.1438134"
"574","11170","12"," "," ","37.5338343","126.9466997"
"577","11170","17"," "," ","37.5253841","126.9840442"
"578","11170","19"," "," ","37.5248877","126.9803626"
"580","11320","1"," "," ","37.6341143","127.0382521"
"571","11710","11","탄천"," ","37.472403","127.1307538"
"581","11740","4","고덕천"," ","37.5636633","127.1757834"
"586","11470","24"," "," ","37.5086791","126.8717524"
"589","11710","66"," "," ","37.4801116","127.138972"
"590","11200","9"," "," ","37.5522193","127.0255035"
"591","11560","51"," "," ","37.5129885","126.9029596"
"592","11560","58","도림천"," ","37.5007367","126.8916556"
"594","11560","31"," "," ","37.5170119","126.8965668"
"595","11170","15"," "," ","37.5313648","126.9580534"
"598","11410","3"," "," ","37.5712478","126.9096019"
"599","11500","3"," "," ","37.5648047","126.8269072"
"601","11710","40"," "," ","37.4940651","127.1054761"
"602","11290","5"," "," ","37.6120039","126.9953289"
"603","11710","42"," "," ","37.4938819","127.1055152"
"606","11710","59"," "," ","37.482304","127.1295723"
"608","11710","52"," "," ","37.4835002","127.1182719"
"609","11560","7"," "," ","37.5483988","126.8824141"
"611","11710","79"," "," ","37.5033128","127.1467433"
"612","11170","7"," "," ","37.5406967","127.0065981"
"584","11680","4"," "," ","37.5124571","127.0396858"
"585","11410","2"," "," ","37.5715498","126.9472809"
"587","11170","27"," "," ","37.5214817","126.9840058"